,Dishwasher_replacements
0,https://www.partselect.com/Dishwasher-Bearings.htm
1,https://www.partselect.com/Dishwasher-Brackets-and-Flanges.htm
2,https://www.partselect.com/Dishwasher-Caps-and-Lids.htm
3,https://www.partselect.com/Dishwasher-Circuit-Boards-and-Touch-Pads.htm
4,https://www.partselect.com/Dishwasher-Dishracks.htm
5,https://www.partselect.com/Dishwasher-Dispensers.htm
6,https://www.partselect.com/Dishwasher-Doors.htm
7,https://www.partselect.com/Dishwasher-Drawers-and-Glides.htm
8,https://www.partselect.com/Dishwasher-Ducts-and-Vents.htm
9,https://www.partselect.com/Dishwasher-Elements-and-Burners.htm
10,https://www.partselect.com/Dishwasher-Filters.htm
11,https://www.partselect.com/Dishwasher-Grilles-and-Kickplates.htm
12,https://www.partselect.com/Dishwasher-Handles.htm
13,https://www.partselect.com/Dishwasher-Hardware.htm
14,https://www.partselect.com/Dishwasher-Hinges.htm
15,https://www.partselect.com/Dishwasher-Hoses-and-Tubes.htm
16,https://www.partselect.com/Dishwasher-Insulation.htm
17,https://www.partselect.com/Dishwasher-Knobs.htm
18,https://www.partselect.com/Dishwasher-Latches.htm
19,https://www.partselect.com/Dishwasher-Legs-and-Feet.htm
20,https://www.partselect.com/Dishwasher-Manuals-and-Literature.htm
21,https://www.partselect.com/Dishwasher-Motors.htm
22,https://www.partselect.com/Dishwasher-Panels.htm
23,https://www.partselect.com/Dishwasher-Pumps.htm
24,https://www.partselect.com/Dishwasher-Racks.htm
25,https://www.partselect.com/Dishwasher-Seals-and-Gaskets.htm
26,https://www.partselect.com/Dishwasher-Sensors.htm
27,https://www.partselect.com/Dishwasher-Spray-Arms.htm
28,https://www.partselect.com/Dishwasher-Springs-and-Shock-Absorbers.htm
29,https://www.partselect.com/Dishwasher-Switches.htm
30,https://www.partselect.com/Dishwasher-Thermostats.htm
31,https://www.partselect.com/Dishwasher-Timers.htm
32,https://www.partselect.com/Dishwasher-Trays-and-Shelves.htm
33,https://www.partselect.com/Dishwasher-Trim.htm
34,https://www.partselect.com/Dishwasher-Valves.htm
35,https://www.partselect.com/Dishwasher-Wheels-and-Rollers.htm
36,https://www.partselect.com/Dishwasher-Wire-Plugs-and-Connectors.htm
