,Fridge_replacements
0,https://www.partselect.com/Refrigerator-Bearings.htm
1,https://www.partselect.com/Refrigerator-Blades.htm
2,https://www.partselect.com/Refrigerator-Brackets-and-Flanges.htm
3,https://www.partselect.com/Refrigerator-Caps-and-Lids.htm
4,https://www.partselect.com/Refrigerator-Circuit-Boards-and-Touch-Pads.htm
5,https://www.partselect.com/Refrigerator-Compressors.htm
6,https://www.partselect.com/Refrigerator-Deflectors-and-Chutes.htm
7,https://www.partselect.com/Refrigerator-Dispensers.htm
8,https://www.partselect.com/Refrigerator-Door-Shelves.htm
9,https://www.partselect.com/Refrigerator-Doors.htm
10,https://www.partselect.com/Refrigerator-Drawers-and-Glides.htm
11,https://www.partselect.com/Refrigerator-Drip-Bowls.htm
12,https://www.partselect.com/Refrigerator-Ducts-and-Vents.htm
13,https://www.partselect.com/Refrigerator-Electronics.htm
14,https://www.partselect.com/Refrigerator-Elements-and-Burners.htm
15,https://www.partselect.com/Refrigerator-Fans-and-Blowers.htm
16,https://www.partselect.com/Refrigerator-Filters.htm
17,https://www.partselect.com/Refrigerator-Grates.htm
18,https://www.partselect.com/Refrigerator-Grilles-and-Kickplates.htm
19,https://www.partselect.com/Refrigerator-Handles.htm
20,https://www.partselect.com/Refrigerator-Hardware.htm
21,https://www.partselect.com/Refrigerator-Hinges.htm
22,https://www.partselect.com/Refrigerator-Hoses-and-Tubes.htm
23,https://www.partselect.com/Refrigerator-Ice-Makers.htm
24,https://www.partselect.com/Refrigerator-Insulation.htm
25,https://www.partselect.com/Refrigerator-Knobs.htm
26,https://www.partselect.com/Refrigerator-Latches.htm
27,https://www.partselect.com/Refrigerator-Legs-and-Feet.htm
28,https://www.partselect.com/Refrigerator-Lights-and-Bulbs.htm
29,https://www.partselect.com/Refrigerator-Manuals-and-Literature.htm
30,https://www.partselect.com/Refrigerator-Motors.htm
31,https://www.partselect.com/Refrigerator-Panels.htm
32,https://www.partselect.com/Refrigerator-Power-Cords.htm
33,https://www.partselect.com/Refrigerator-Racks.htm
34,https://www.partselect.com/Refrigerator-Seals-and-Gaskets.htm
35,https://www.partselect.com/Refrigerator-Sensors.htm
36,https://www.partselect.com/Refrigerator-Springs-and-Shock-Absorbers.htm
37,https://www.partselect.com/Refrigerator-Starters.htm
38,https://www.partselect.com/Refrigerator-Switches.htm
39,https://www.partselect.com/Refrigerator-Tanks-and-Containers.htm
40,https://www.partselect.com/Refrigerator-Thermostats.htm
41,https://www.partselect.com/Refrigerator-Timers.htm
42,https://www.partselect.com/Refrigerator-Transformers.htm
43,https://www.partselect.com/Refrigerator-Trays-and-Shelves.htm
44,https://www.partselect.com/Refrigerator-Trim.htm
45,https://www.partselect.com/Refrigerator-Valves.htm
46,https://www.partselect.com/Refrigerator-Wheels-and-Rollers.htm
47,https://www.partselect.com/Refrigerator-Wire-Plugs-and-Connectors.htm
